{"val_loss": 1.513880729675293, "_runtime": 2607, "_timestamp": 1637342302, "_step": 3952, "train_loss": 1.4979522228240967, "_wandb": {"runtime": 2609}}