{"val_loss": 2.293959140777588, "_runtime": 11, "_timestamp": 1637339143, "_step": 1, "train_loss": 2.351438522338867, "_wandb": {"runtime": 13}}