{"val_loss": 2.293959140777588, "_runtime": 18, "_timestamp": 1637339322, "_step": 13, "train_loss": 1.6379389762878418, "_wandb": {"runtime": 20}}