{"test_loss": 1.516877293586731, "test_acc": 0.9187300205230713, "_runtime": 12, "_timestamp": 1637416458, "_step": 0}